country,2000,2001,2002,2003,2004,2005,2006,2007,2008,2009,2010,2011,2012,2013,2014,2015,2016,2017
Angola,556.8363181,527.3335285,872.4944916,982.9608993,1255.564045,1902.422346,2599.566464,3121.995637,4080.94141,3122.780766,3587.883798,4615.468028,5100.095808,5254.882338,5408.410496,4166.979684,3506.072885,4095.812942
Albania,1126.683318,1281.659393,1425.124849,1846.118813,2373.579844,2673.787283,2972.743265,3595.037163,4370.539925,4114.134899,4094.358816,4437.177794,4247.614342,4413.082887,4578.667934,3952.830781,4124.108543,4532.889198
Andorra,21936.5301,22228.84649,24741.49357,32776.44227,38503.47961,41282.02012,43747.69185,48582.22088,47785.08927,43338.86676,39736.35406,41100.72994,38392.9439,40626.75163,42300.33413,36039.6535,37224.10892,39134.39337
Arab World,2603.872069,2508.212187,2474.779797,2734.318941,3132.327812,3762.767087,4356.152316,4959.91501,6143.170152,5182.363881,5945.678558,6889.091806,7503.174184,7551.282834,7497.556427,6459.109379,6202.890459,6285.215228
United Arab Emirates,33291.41937,31280.78428,31567.47371,33499.09375,36333.24984,39365.33592,41907.40566,41809.51638,44498.93423,32024.1816,33893.30351,39194.67662,40976.49971,42412.63028,43751.83889,38663.38381,38141.84676,40325.382
Argentina,7708.100996,7208.371567,2593.40415,3349.806124,4277.721351,5109.851325,5919.012037,7245.448317,9020.873098,8225.137176,10385.96443,12848.8642,13082.66433,13080.25473,12334.79825,13789.06042,12790.24247,14591.86338
Armenia,622.7421391,694.4232277,783.2406986,930.1273219,1191.91902,1643.753029,2158.143697,3139.277499,4010.857243,2994.342544,3218.372707,3525.804747,3681.857456,3838.185801,3986.231624,3607.296697,3591.829276,3914.501268
Antigua and Barbuda,10920.84269,10370.67113,10404.43621,10789.95096,11446.63847,12547.61304,13989.71567,15607.08987,16024.34555,14113.07726,13092.07382,12795.56907,13399.23795,13035.09364,13780.78237,14526.58808,15494.30547,15824.66781
Australia,21679.24784,19490.86111,20082.48327,23447.031,30430.67644,33999.24286,36044.92281,40960.05449,49601.65671,42772.35917,52022.1256,62517.83375,68012.1479,68150.10704,62510.79117,56748.42026,50019.96777,54093.60219
Austria,24564.45829,24537.51426,26401.74546,32222.89724,36821.52147,38403.13388,40635.28182,46855.77175,51708.76575,47963.1794,46858.04327,51374.95841,48567.69529,50716.70871,51717.49594,44176.67174,45103.32981,47380.82964
Azerbaijan,655.0974326,703.6838434,763.080638,883.6439965,1045.009379,1578.40239,2473.081819,3851.437869,5574.603802,4950.294791,5842.805784,7189.691229,7496.294648,7875.756953,7891.313147,5500.320497,3880.738731,4147.089716
Burundi,136.4639708,134.3634475,123.117628,113.5673664,128.3366128,151.6814634,167.3764845,172.4958599,198.3529006,212.1368804,234.2356469,249.5779794,252.3589799,256.9760028,274.8579479,305.5497728,282.1496815,293.009062
Belgium,23207.40591,23121.60114,25052.33939,30743.90254,35589.68912,36967.25918,38852.37293,44403.7669,48424.5756,44880.57302,44380.17663,47743.78053,44826.43961,46680.38982,47355.31201,40441.05204,41449.09736,43507.2382
Benin,374.1923942,378.736054,418.6985763,519.2922847,583.4093514,601.799977,625.8300158,706.0533749,820.1508783,793.4522526,757.6959074,825.9403409,837.9429209,915.3156212,943.6746492,783.9630778,788.5491965,827.4298101
Burkina Faso,226.4759814,235.4912324,260.7635413,332.3443051,371.3230865,406.9988071,420.5825537,475.1100122,569.7613172,552.7455886,575.4464527,666.8401198,673.8215984,699.7794056,703.8200556,575.3144542,583.8326203,642.0404265
Bangladesh,418.0689683,415.0344266,413.0802546,446.3106592,475.2919198,499.4619402,509.6401429,558.0518603,634.9870565,702.26441,781.1535936,861.7584443,883.1050005,981.8398792,1118.853663,1248.453398,1401.620628,1563.994082
Bulgaria,1609.882452,1757.44378,2076.830682,2698.624248,3363.799644,3869.529455,4490.201777,5885.949252,7261.754492,6969.558557,6843.26695,7813.806692,7378.02473,7646.839866,7864.760672,6993.783483,7469.455638,8228.01157
Bahrain,13636.40824,12868.28479,13102.37021,14222.04738,15846.55279,17959.25933,19307.91491,20976.54353,23066.5099,19355.90467,20722.13729,22514.23795,23654.35139,24744.35763,24989.40012,22688.9444,22619.11667,23715.48275
"Bahamas, The",27097.61081,27486.23677,28866.80101,28327.27087,28395.92466,30278.36692,30713.70528,31472.09897,30627.23863,28552.19048,28443.40766,28006.37972,29485.62093,28944.78822,29563.74635,31512.85655,31325.29483,31857.89015
Bosnia and Herzegovina,1467.776477,1530.814816,1769.199828,2224.745864,2814.999895,2980.602109,3416.510596,4193.373652,5090.932345,4714.702495,4635.517779,5092.551943,4778.636088,5131.394506,5329.635045,4727.277546,4994.68314,5394.59122
Belarus,1276.288034,1244.373185,1479.314583,1819.766059,2378.623286,3125.810535,3847.434124,4735.657608,6377.369732,5351.355382,6181.399916,6519.230195,6940.159254,7978.872615,8318.51269,5949.106307,5022.626643,5761.74712
Belize,3364.423711,3418.216676,3554.230347,3675.880301,3825.78733,3926.013742,4178.925373,4315.834964,4460.634144,4243.433284,4331.434517,4501.602637,4626.709615,4652.509003,4790.941262,4883.179011,4904.034338,4956.808039
Bolivia,997.5824599,948.8712066,904.2266273,907.5371101,967.406992,1034.31124,1218.874459,1372.628225,1715.208922,1754.211061,1955.461557,2346.33717,2609.880819,2908.200085,3081.878834,3035.972215,3076.658949,3351.124053
Brazil,3749.75325,3156.798718,2829.283192,3070.910491,3637.462389,4790.437088,5886.463588,7348.030794,8831.023117,8597.915352,11286.24302,13245.61553,12370.0242,12300.32258,12112.5903,8814.000987,8712.887044,9880.946543
Barbados,11496.6024,11437.24771,11592.20993,11937.67338,12766.27047,14104.14623,15051.69798,16764.44205,17081.86579,15936.98418,16056.01653,16470.3679,16412.9362,16224.28736,16179.58396,16066.4718,15847.14272,16327.60723
Brunei Darussalam,18012.55626,16472.14862,16850.15113,18560.60857,21902.08805,26105.27903,30979.87917,32663.56659,37934.37651,27955.71386,35269.55311,47055.84112,47741.90647,44740.08502,41726.78397,31164.56203,27157.34623,28572.10942
Bhutan,743.0501339,789.1470035,871.8091577,990.7414286,1099.977331,1262.247445,1365.558061,1798.96974,1873.59735,1864.536803,2312.860096,2625.433256,2599.396094,2532.015642,2749.352665,2829.891245,3012.961401,3390.714075
Botswana,3522.308678,3278.00825,3190.615453,4330.9449,5073.53765,5520.12472,5516.03921,5832.733942,5713.534983,5255.768461,6434.815657,7617.325094,7877.79035,7224.965172,7780.638385,6799.875234,7243.856017,7893.675933
Central African Republic,251.2068774,250.3570114,260.7455273,293.6618517,320.7374603,331.1629242,354.6713801,404.373965,464.5614221,474.7054087,487.9453833,551.0280576,565.8330584,382.3403002,426.6845621,380.4042935,406.5319611,471.6032278
Canada,24190.24962,23738.18072,24169.28473,28200.65808,32034.30774,36266.18712,40385.86996,44543.04104,46594.45095,40773.06153,47450.31847,52101.79609,52542.34666,52504.6557,50835.51118,43495.05439,42279.90082,45069.92725
Central Europe and the Baltics,3943.339122,4347.502665,4930.018994,5934.259919,7162.2869,8345.535179,9462.540507,12000.1004,14574.07439,12288.02491,12567.405,13872.61541,12998.66527,13710.08062,14152.39383,12467.45018,12773.78384,14167.6491
Switzerland,37868.32306,38538.99005,41376.39399,48087.58314,53340.14766,54952.67372,57579.50195,63555.2375,72487.84593,69927.46877,74605.72102,88415.62806,83538.23008,85112.4644,86605.56338,82081.59712,80037.50304,80333.44494
Chile,5074.901624,4574.594421,4446.250505,4772.56282,6194.853107,7598.525121,9464.550243,10502.35452,10751.47967,10208.90676,12808.03459,14637.24024,15351.55133,15842.94009,14670.99718,13574.1715,13748.0884,15037.35011
China,959.3724836,1053.108243,1148.50829,1288.643252,1508.668098,1753.417829,2099.229435,2693.969827,3468.304463,3832.235952,4550.453596,5618.132491,6316.918863,7050.64592,7651.366044,8033.388043,8078.790474,8759.041578
Cote d'Ivoire,651.3059068,664.1276599,716.5302619,869.7125786,921.2012511,930.8297425,949.1318153,1061.154064,1235.613488,1210.29545,1211.930285,1207.001398,1243.344509,1415.469277,1559.386652,1426.457845,1481.652305,1557.182948
Cameroon,649.9918454,651.1009075,707.8875674,865.9581375,1009.94312,1011.880073,1062.137433,1194.06985,1371.746708,1314.706015,1285.261726,1403.255638,1354.623087,1465.222327,1540.568182,1326.969277,1363.403851,1421.587492
"Congo, Dem. Rep.",405.216253,153.5910092,175.0099651,173.7961353,194.0399624,218.3861908,255.4330838,286.3304921,327.5637218,298.6196821,334.0215726,387.0824654,424.6003861,457.9637283,486.7870819,497.3169608,471.3188404,467.0742375
"Congo, Rep.",1029.577037,868.3399509,912.2781532,1026.107674,1324.219142,1680.204588,2064.344523,2165.745759,2956.264407,2314.266025,2809.694957,3282.393455,3032.667329,3047.064589,2992.931349,1761.32357,1814.063418,1702.571349
Colombia,2520.480898,2439.681789,2396.627303,2281.401927,2782.623053,3404.190199,3731.168489,4703.213157,5461.780726,5195.393376,6326.549469,7324.383286,8042.529769,8212.667829,8114.084264,6175.87603,5871.223524,6375.932063
Comoros,645.8186908,680.3185414,744.4751724,935.611518,1059.176884,1068.600321,1113.957757,1238.461514,1387.594626,1339.337191,1315.214806,1446.068018,1403.428519,1504.920859,1511.816083,1271.057042,1287.420965,1312.366174
Cabo Verde,1259.323656,1292.202785,1401.903733,1809.089925,2024.275248,2099.157484,2361.385134,3186.826892,3721.250949,3517.401245,3378.25486,3738.201166,3467.472684,3615.979041,3588.674054,3043.013984,3130.963385,3295.341106
Costa Rica,3772.870012,3944.737613,4024.6519,4129.632791,4385.390719,4654.824822,5201.514095,6071.789243,6859.079202,6760.478026,8141.913599,9121.931798,9913.210708,10490.08065,10547.15185,11299.13618,11666.45661,11752.5436
Caribbean small states,5247.245458,5369.77712,5595.471015,5938.819011,6453.992364,7249.137311,8038.465554,8913.062335,10046.08051,8400.749567,9075.706457,9743.619786,10007.37115,10090.02734,10149.19712,9916.666674,9242.035178,9442.912794
Cuba,2747.098575,2837.738018,2999.245244,3197.133754,3395.71205,3786.664793,4683.566155,5208.716073,5411.271418,5529.67036,5730.354775,6139.71933,6497.321113,6837.712892,7133.342095,7694.01192,8060.795886,8541.210673
Cyprus,14388.3467,14821.44552,16093.21868,20252.24214,23792.61793,24959.26591,26729.32675,31244.92801,35391.04006,32105.86748,30818.47993,32233.64339,28984.94455,27942.30127,27407.15286,23217.48415,24019.13787,25760.7627
Czech Republic,6011.61522,6609.20553,8032.896612,9773.117503,11685.88724,13346.17639,15183.63605,18373.649,22698.85396,19741.59763,19808.07109,21717.45794,19729.87051,19916.01939,19744.55861,17715.61685,18463.38658,20379.89604
Germany,23718.7467,23687.31689,25205.16445,30359.95215,34165.93403,34696.62092,36447.87232,41814.8191,45699.19832,41732.70725,41785.55691,46810.32796,44065.24891,46530.91143,48142.8272,41394.65816,42443.46507,44681.08258
Djibouti,768.1760767,780.9082226,791.3894782,818.8666298,863.2316123,904.7297489,967.6686229,1052.725652,1223.856861,1267.312801,1343.26873,1451.54298,1559.240651,1499.767022,1619.05148,1787.4775,1898.87599,1953.903502
Dominica,4787.780171,4883.723663,4771.040927,4897.44175,5217.230416,5160.224314,5518.399108,5952.056669,6469.145738,6902.85717,6967.245314,7065.053067,6848.418067,7068.535745,7364.996522,7597.750446,8070.290917,6951.303542
Denmark,30743.54768,30751.65435,33228.69354,40458.7774,46511.59833,48799.8256,52026.99951,58487.05497,64322.0635,58163.27688,58041.39844,61753.64713,58507.50805,61191.1937,62548.98473,53254.856,54467.10452,57218.85485
Dominican Republic,2869.105861,2977.148428,3136.155187,2445.435893,2528.577199,3970.32284,4134.683785,4729.664373,5105.580925,5051.465369,5568.046676,5891.159025,6107.977431,6236.104369,6499.149883,6691.71692,6957.564507,7222.554044
Algeria,1765.022577,1740.606649,1781.826864,2103.381467,2609.952692,3113.094651,3478.710436,3950.513605,4923.630818,3883.271127,4480.785777,5455.84231,5592.22191,5499.587764,5493.056772,4177.888966,3948.811897,4048.285258
East Asia & Pacific (excluding high income),955.2500408,1006.931392,1104.698564,1239.97527,1426.460066,1639.370561,1959.407618,2458.850426,3089.503619,3325.112351,4002.599653,4855.832973,5375.715573,5887.596083,6282.875322,6487.756902,6554.791243,7081.776379
Early-demographic dividend,1332.573106,1296.601681,1237.701383,1353.888754,1547.118009,1774.520024,2001.416401,2335.955204,2590.752842,2456.733986,2938.879732,3246.211837,3354.503243,3367.696207,3439.546743,3291.528607,3321.457299,3545.022221
East Asia & Pacific,4044.318591,3728.423093,3756.306539,4097.225585,4560.565762,4830.346116,5085.666323,5648.005295,6476.841334,6626.676146,7673.741646,8836.854594,9392.895426,9433.150535,9647.929555,9526.576304,9766.122869,10332.83226
Europe & Central Asia (excluding high income),1779.102222,1768.179651,2025.153905,2551.688083,3377.850505,4280.504347,5248.102405,6785.17075,8381.804782,6561.730129,7773.169715,9555.609269,10063.02679,10633.84328,9885.828581,7517.912478,7161.513553,7979.76034
Europe & Central Asia,11627.67855,11731.70462,12813.14535,15562.52776,18085.40901,19206.50038,20726.81189,24140.43883,26399.39014,23128.7248,23572.57527,26053.05278,25010.97995,26014.02812,26249.60504,22500.03684,22328.77633,23517.20535
Ecuador,1445.279324,1894.615169,2172.101877,2425.851842,2691.278081,3002.136867,3328.882972,3567.836438,4249.019262,4231.615798,4633.590358,5200.55579,5682.045007,6056.330827,6377.09153,6124.491643,6060.093329,6213.501276
"Egypt, Arab Rep.",1450.476242,1391.707846,1228.937975,1138.664673,1063.003663,1187.51969,1398.190624,1667.843721,2044.527855,2329.23948,2644.817039,2791.954962,3232.648892,3264.378787,3378.831358,3598.970948,3525.020165,2440.510173
Euro area,20181.62388,20438.36776,22133.45754,27159.27925,30978.2419,31985.37011,33802.30781,38724.62304,42255.31054,38511.18667,37635.97189,40638.0356,37635.10616,39142.03909,39883.2009,34412.45439,35175.70108,37047.77561
Spain,14676.70609,15323.6114,17019.53541,21495.70741,24918.64584,26510.71745,28482.60948,32709.40104,35579.30993,32334.00548,30736.62785,31835.2888,28563.85904,29211.77375,29623.16445,25817.38661,26622.29914,28208.26105
Estonia,4070.032827,4498.957027,5308.347781,7174.237415,8850.465115,10338.31322,12595.41065,16586.4052,18094.54805,14726.31828,14638.60482,17454.84342,17421.89022,19072.23852,20247.1993,17412.44867,18228.05825,20200.37559
Ethiopia,124.4608003,120.765782,111.9272235,119.490391,136.4662556,162.4327265,194.6874305,244.2860372,326.4368267,380.5690479,341.5541149,354.4795758,467.0779272,499.5315721,566.9264665,639.3043597,716.8800387,768.0104163
European Union,18250.30918,18430.6157,20045.8575,24306.22935,27951.75367,29120.33007,30950.59862,35636.42072,38198.6029,34035.82372,33729.24065,36456.54845,34284.28744,35635.2239,36735.32708,32265.88088,32376.28376,33873.285
Fragile and conflict affected situations,653.5998774,585.1764353,548.3392036,607.0075151,686.8515142,813.8781398,939.8486725,1128.064259,1424.770975,1296.213698,1510.916231,1611.6917,1812.548337,1843.283023,1820.359085,1604.72826,1505.914919,1646.063393
Finland,24253.25042,24913.24452,26834.02625,32816.16088,37636.11173,38969.17163,41120.67651,48288.5491,53401.31487,47107.15571,46202.41516,50790.72415,47415.55987,49638.07713,49914.61864,42494.65662,43493.41934,45809.97338
Fiji,2076.568784,2039.625697,2260.258398,2837.892246,3334.931667,3659.579329,3747.860716,4072.10157,4167.670285,3362.816555,3652.527437,4371.45751,4591.555784,4840.693716,5605.570356,5390.745258,5647.347365,6006.360622
France,22364.02939,22433.55571,24177.33517,29568.38595,33741.26515,34760.18777,36443.62344,41508.43399,45334.11444,41575.41875,40638.334,43790.73205,40874.70351,42592.93409,43008.64738,36613.37522,36962.22229,38679.12715
"Micronesia, Fed. Sts.",2171.526601,2239.854254,2256.782211,2294.435038,2251.78898,2357.031537,2404.573365,2456.322048,2538.738495,2718.7832,2881.376141,3001.470275,3120.669627,2983.597983,2959.620647,2894.345011,2993.200563,3018.396899
Gabon,4125.716664,3989.556606,4121.958645,4922.376526,5729.296958,6888.627147,7214.914544,8447.078591,10212.81943,7690.052235,8840.730664,10795.50058,9814.038992,9680.824339,9650.574376,7381.746749,6979.709196,7212.535744
United Kingdom,27987.75116,27500.14578,29863.58907,34265.1276,40068.31145,41803.89138,44326.9146,50293.44055,46985.56797,38454.2265,39079.84261,41652.55709,42018.72546,42938.42518,46967.66814,44472.1517,40539.91961,39932.06029
Georgia,749.8961143,801.9904139,853.5279011,1010.00798,1305.047486,1642.775074,1996.057129,2635.353882,3324.735879,2822.651737,3073.524753,3842.618221,4249.670165,4341.435122,4438.687497,3756.383768,3857.281728,4045.41705
Ghana,258.4709595,269.0149984,304.5645608,367.8215216,417.5081649,491.9463779,911.9986756,1078.160509,1210.622257,1074.75538,1298.436952,1558.482133,1613.286837,2378.159512,1968.858263,1766.005701,1931.38947,2025.885857
Guinea,363.482479,336.6300919,343.5373419,393.7399293,410.7612161,322.4156816,453.4035185,659.992723,715.0968204,674.0855502,672.4244026,651.1353635,717.0507379,769.0039433,787.2380702,769.2560137,733.0207588,821.6514609
"Gambia, The",594.151643,505.4201497,411.7724804,335.906217,386.7527625,404.3251037,411.6196713,487.1704917,571.7099709,517.525945,530.7876934,486.049535,477.7012604,696.1521248,622.054103,668.3812029,671.1052855,672.7805341
Guinea-Bissau,308.1441193,319.6774918,331.4938718,371.2198274,404.3491366,436.3020197,429.6222659,493.0704969,597.5763927,557.1716148,557.6321326,702.7428804,616.4116862,634.482446,622.4817167,603.1585129,661.0076549,736.7255662
Equatorial Guinea,1725.554738,2313.151289,2744.208156,3618.576094,6152.131238,10963.28936,12857.33605,15908.39183,22942.58345,16667.93682,17272.00977,21613.54923,21712.39502,20384.92453,19368.23091,11278.92894,9244.051798,9738.434224
Greece,12042.95373,12538.17883,14110.31339,18477.57841,21955.10409,22551.73574,24801.15781,28827.32636,31997.28201,29710.9703,26917.75898,25916.29353,22242.68193,21874.8195,21760.9798,18167.77372,18116.45962,18883.46007
Grenada,5057.173965,5040.670468,5213.896269,5682.5961,5741.598633,6644.02496,6658.540847,7212.506822,7832.423352,7290.6971,7257.756622,7291.058897,7444.504768,7789.776381,8369.886755,9096.870646,9628.347487,10163.62985
Guatemala,1655.58773,1568.376309,1701.771491,1753.349471,1872.737083,2077.83438,2256.56505,2489.948385,2794.213788,2635.748748,2825.519029,3187.866203,3299.665605,3452.921679,3687.836951,3923.573344,4140.590064,4470.610798
Guyana,954.4041525,955.6653806,974.9491933,997.2100346,1056.423886,1105.496454,1954.133308,2331.200342,2566.887085,2756.819889,3033.247725,3425.436441,3788.146749,3934.865262,4031.600662,4166.134826,4542.622067,4586.054572
High income,25593.37987,25179.59546,26074.25654,29038.62778,32098.7283,33715.09542,35334.79884,38341.16004,40417.88872,37632.6843,39169.92484,42067.232,41867.82061,42121.52473,42775.9173,40165.80357,40761.64977,42350.05631
"Hong Kong SAR, China",25756.66378,25230.21633,24665.89,23977.01945,24928.10037,26649.7508,28224.21506,30594.01784,31515.66277,30697.34038,32549.99823,35142.48793,36730.8767,38403.77771,40315.28556,42431.88828,43734.24999,46220.50455
Honduras,1080.462129,1120.553339,1122.063575,1145.499193,1204.47989,1296.694822,1420.133633,1572.064502,1727.829215,1777.271169,1891.157395,2073.903958,2129.521698,2088.097944,2190.650715,2286.200039,2326.297027,2432.935364
Heavily indebted poor countries (HIPC),344.3959004,319.0247978,333.5752463,369.3324612,412.871117,456.61086,528.7045328,614.5754217,722.1557822,706.4881394,759.4144019,825.3683617,863.6114447,937.1300373,963.6648716,920.4532125,917.3080522,991.9852918
Croatia,4873.053306,5416.65355,6245.319417,8055.788163,9646.289588,10521.03386,11691.62276,13948.69601,16357.17606,14582.22735,13937.14227,14577.19889,13250.75712,13665.91418,13609.49731,11780.13124,12366.82154,13383.6835
Haiti,467.1475588,417.762646,396.6338208,332.6147785,391.0346157,468.7572696,508.9688066,619.8127742,678.8447898,672.0369979,665.6274195,744.2174268,769.7073834,812.68869,831.9598193,815.7282844,735.7551202,765.6139847
Hungary,4633.312923,5283.034459,6665.961242,8423.350987,10296.33979,11205.97134,11447.81687,13907.50338,15739.73541,13029.88338,13092.23376,14118.12263,12888.30459,13668.22605,14197.837,12503.68207,12839.58454,14278.8745
IBRD only,1457.784715,1462.502448,1469.217267,1636.171292,1926.133756,2279.41079,2675.635198,3292.688282,3913.330263,3759.577502,4520.904795,5288.379905,5566.435224,5825.141611,5957.2889,5569.060182,5547.990636,6052.038611
IDA & IBRD total,1236.24192,1234.785192,1242.280659,1379.45153,1617.692583,1905.024278,2234.516469,2729.921878,3234.665328,3099.738116,3702.821785,4308.06761,4525.247981,4733.183711,4842.614519,4525.228811,4483.588036,4859.047841
IDA total,424.533635,410.7036782,432.0708229,474.5988829,544.3799123,618.6502404,739.0504839,846.1514606,992.8492791,948.6315599,1068.2047,1189.377261,1254.491417,1347.179597,1432.009055,1373.110467,1309.391769,1345.833462
IDA blend,547.6484982,537.0638569,580.4349342,637.2545828,762.4537634,894.1584804,1127.292079,1272.083366,1478.564293,1348.866937,1537.548633,1733.9069,1864.973249,1981.713979,2125.490646,1973.224112,1787.140292,1733.460499
Indonesia,780.190201,748.2576157,900.1775757,1065.648539,1150.261315,1263.287321,1589.801489,1860.002763,2166.854167,2261.247224,3122.362815,3643.043936,3694.348946,3623.911582,3491.624791,3331.695128,3562.845756,3836.913814
IDA only,359.5979646,344.0879377,353.8854188,389.022454,429.8985325,474.2157809,535.7243409,623.0209268,738.8172001,740.9239464,823.4779359,904.086198,932.9598747,1013.073632,1065.755336,1057.633648,1061.022241,1148.309578
India,443.314204,451.5730119,470.9867972,546.7266276,627.7742623,714.8610803,806.7532837,1028.334759,998.5222694,1101.960919,1357.563701,1458.103145,1443.879529,1449.605912,1573.881492,1605.605431,1729.268021,1981.499045
Ireland,26241.36461,28227.72753,32541.0986,41106.92527,47631.01066,50878.22361,54306.42932,61359.74138,61262.10056,52105.15248,48715.17686,51848.90973,48917.89756,51590.18845,55492.98268,61995.42278,63197.08237,69649.88274
"Iran, Islamic Rep.",1670.00947,1909.412278,1911.678792,2253.936132,2756.198742,3246.051029,3774.357841,4904.666252,5630.442995,5677.888522,6603.212269,7818.057232,7927.647542,6111.440608,5608.602512,4916.085938,5265.906635,5627.749268
Iceland,32018.06325,28793.9599,32326.63774,39423.92732,47367.28186,56658.58959,56673.59304,69054.2708,56409.77346,41333.41987,43024.92384,47516.87574,45910.0209,49522.23697,54242.05468,52428.59576,61757.94931,71314.7742
Israel,21027.78173,20293.73071,18423.50267,18955.83302,19876.91614,20549.67114,21830.04136,24894.27768,29548.06352,27713.44703,30659.12775,33701.2131,32543.45515,36344.31551,37733.59292,35855.27504,37371.62691,40543.58417
Italy,20051.24215,20400.81111,22196.50675,27387.22632,31174.56109,31959.26295,33410.74744,37698.78665,40640.18386,36976.84553,35849.3732,38334.68385,34814.12512,35370.27526,35396.66572,30170.5166,30830.92266,32155.20587
Jamaica,3384.694861,3431.416469,3599.973172,3469.151565,3725.109093,4089.198442,4321.043327,4633.944386,4917.718398,4316.231053,4696.841894,5100.396955,5206.906722,4964.832794,4817.925925,4892.897447,4842.045011,5060.544924
Jordan,1651.622443,1720.358789,1802.057775,1876.26141,2044.962623,2183.396157,2513.031668,2735.38314,3388.803832,3477.978798,3656.453675,3775.519303,3827.294451,3952.340311,4047.553142,4097.411436,4109.574819,4168.641604
Japan,38532.04088,33846.46564,32289.35054,34808.39092,37688.72234,37217.64873,35433.98896,35275.22843,39339.29757,40855.17564,44507.67639,48167.99727,48603.47665,40454.44746,38109.41211,34524.46986,38794.33094,38331.9794
Kazakhstan,1229.000958,1490.92709,1658.030785,2068.124118,2874.288291,3771.278957,5291.57565,6771.414797,8513.564645,7165.223175,9070.488253,11634.0019,12386.7,13890.63177,12807.26069,10510.77189,7714.841844,9030.318806
Kenya,397.4826588,395.3295318,389.542711,429.7878437,451.6687159,511.6164222,685.9545322,825.6665976,902.0700258,905.1317861,951.6879611,971.633329,1136.871406,1210.388014,1315.804535,1336.883349,1410.527571,1568.201541
Kyrgyz Republic,279.6204249,308.4087767,321.7266063,380.5073398,433.2349766,476.55213,543.1107024,721.7686908,966.3936272,871.2243893,880.0377751,1123.883168,1177.974735,1282.437162,1279.769783,1121.082835,1120.666513,1242.769643
Cambodia,302.5771636,321.1503013,338.9872627,362.3357077,408.5138263,474.1112278,539.7501687,631.5248421,745.6091807,738.0547836,785.5022829,882.2754926,950.880346,1013.420401,1093.496191,1162.90492,1269.591257,1385.25998
Kiribati,796.8881748,735.0262947,826.9452801,1015.724172,1131.140005,1214.556667,1168.448531,1374.452153,1428.120516,1311.999002,1516.811869,1735.018358,1788.505421,1715.765331,1642.762597,1542.57525,1584.807446,1625.57597
St. Kitts and Nevis,9836.195828,10660.41194,11011.37931,10631.40714,11424.97322,12329.66118,13883.42353,15152.13488,16465.05014,15783.58386,15643.56682,16557.69072,16044.11613,16878.19046,18057.61531,18286.31939,18575.75173,19060.57072
"Korea, Rep.",11947.57913,11252.90755,12782.52553,14209.38852,15907.66583,18639.52221,20888.38015,23060.70788,20430.63946,18291.9196,22086.95292,24079.78852,24358.78218,25890.01867,27811.36638,27105.07623,27608.24743,29742.83886
Kuwait,18439.90039,16588.72787,17846.32606,22148.06767,27012.19027,35590.70407,42782.09235,45782.83864,55495.23113,37539.25602,38577.38166,48618.88229,51978.99848,49388.1094,44062.3051,29869.52939,27653.1644,29474.54143
Latin America & Caribbean (excluding high income),4223.899312,4065.610854,3567.26183,3582.732764,4068.40167,4881.689304,5659.584379,6632.470321,7673.023299,7106.037595,8760.299195,9861.548467,9815.650853,9927.199022,10050.95922,8449.223414,8131.541009,8959.802025
Lao PDR,325.1869982,326.9419076,320.0615179,362.8214135,417.9285042,475.6107135,590.6327074,710.344815,900.3236718,948.6539323,1140.599205,1378.361365,1581.395403,1825.665113,1998.335215,2134.704224,2308.802616,2423.846203
Lebanon,4491.637259,4422.387076,4579.459593,4576.390746,4627.657988,4573.536073,4632.312707,5217.471718,6134.13043,7371.100639,7756.744069,7703.389472,7985.854941,7923.851717,7712.062848,7649.832611,7634.946544,7838.343385
Liberia,306.8328947,306.7103554,306.473737,243.0893405,286.0649989,294.8930368,336.1156743,396.6017613,478.3999379,470.9476196,513.4456986,596.8970811,657.9362563,721.9300554,721.1827948,710.3838577,714.6233922,698.7017644
Libya,7142.774452,6266.490972,3703.048308,4673.143913,5800.597969,8163.010778,9336.35667,11300.19134,14382.57629,10275.26656,12064.78069,5554.179164,13025.28139,10363.78949,6466.91027,4337.919139,4038.970683,5792.06511
St. Lucia,5323.375357,5047.027828,5050.875503,5502.487593,5897.546642,6216.823627,6860.323872,7632.043989,7568.453414,7425.026672,8037.472967,8227.394082,8139.892046,8343.795374,8650.818281,9160.734157,9377.886858,10003.25987
Latin America & Caribbean,4389.801652,4235.013334,3748.739033,3779.711304,4300.40895,5134.447776,5946.130227,6922.367591,7951.528389,7386.953826,9058.33022,10184.85262,10177.56297,10316.48882,10405.4843,8856.928817,8561.875358,9397.620709
Least developed countries: UN classification,323.6997051,300.9313541,318.6768961,352.7048519,395.1168989,453.02676,517.9797525,606.093558,735.2844136,716.4826284,804.0226443,901.5127161,940.3088576,994.3154133,1055.252825,1020.578572,997.1653259,1093.811323
Low income,314.4420326,286.6555751,296.7831969,313.6924307,350.3443601,390.9657395,428.4090736,501.4508832,597.4223479,595.788536,638.2310085,696.4949413,733.2472295,783.1790758,822.2763324,792.2081299,737.9746148,767.8929041
Sri Lanka,869.6965166,832.8034402,867.4912137,982.1956459,1065.784437,1248.698185,1435.817177,1630.388906,2037.322103,2090.401826,2799.648876,3200.833829,3350.521876,3610.289363,3819.25353,3843.780672,3886.291502,4104.630983
Lower middle income,566.6184106,564.1216763,598.3375993,675.0861358,762.031947,869.1577077,1027.197493,1238.871477,1366.377002,1377.377483,1659.708394,1845.607867,1907.161615,1962.132293,2040.165511,1995.940544,2049.093225,2187.498829
Low & middle income,1188.302314,1185.217809,1192.951886,1325.675287,1552.808051,1827.584855,2146.884346,2625.251832,3110.293934,2996.866742,3588.572251,4182.327928,4404.946735,4608.142466,4719.203953,4418.337014,4378.227913,4743.185613
Lesotho,436.488352,405.6053137,382.1901735,573.6537676,753.3807868,842.8130532,904.6034022,863.7796315,884.9626748,890.9963833,1183.42153,1391.341435,1329.274971,1245.247919,1279.494446,1219.177853,1119.719758,1232.786919
Late-demographic dividend,1662.98847,1706.404737,1795.529416,2033.059629,2429.058181,2913.863558,3494.500189,4375.743129,5406.477925,5192.328329,6190.076866,7501.005312,7976.021738,8546.653305,8799.049131,8192.357057,8141.932255,8944.752137
Lithuania,3297.354701,3530.147337,4146.987928,5505.535669,6706.966998,7863.162009,9240.642548,12297.91535,14961.56818,11837.39103,11984.86857,14357.73523,14341.18163,15693.78673,16545.12267,14291.90642,14982.53305,16809.64826
Luxembourg,48735.99549,48179.42085,52930.64115,65445.88503,75716.35108,80289.69641,89739.7117,106018.4928,114293.8433,103198.6693,104965.3061,115761.5077,106749.0136,113625.1329,118823.6484,100428.368,101305.5277,104498.7387
Latvia,3352.731296,3572.80513,4132.349207,5134.905694,6351.080125,7558.742006,9667.9757,14044.01589,16348.53121,12219.37379,11326.21947,13702.68947,13822.80559,15032.28201,15716.36907,13639.69412,14133.68295,15684.55852
"Macao SAR, China",15710.08693,15552.95038,16315.36363,17808.90151,22446.33637,25043.01895,29950.77311,36352.91846,40597.55748,40796.96183,52253.15531,66644.38534,76291.84749,89287.45402,93777.1068,75340.98698,73954.95677,81208.88207
Morocco,1334.943051,1339.293577,1416.488158,1725.458038,1952.90183,2018.025743,2196.01219,2499.259938,2890.360083,2866.924199,2839.925168,3046.949136,2912.658275,3121.681176,3171.699192,2875.257985,2897.66344,3036.171062
Monaco,82367.99128,82273.63617,88576.50619,108259.4931,122691.6374,124193.6056,134044.7012,169961.3839,185721.7942,154762.1994,150585.4489,168785.9408,157515.8991,177593.3519,189170.8957,165920.2236,169904.1821,166726.0519
Moldova,354.0037982,407.7348445,458.6778168,548.2896867,720.9409321,831.2052862,950.6482044,1230.434685,1695.972811,1525.526119,1958.133697,2363.593749,2446.725316,2668.683032,2674.116332,2179.233625,2272.405707,2724.493093
Madagascar,245.9390659,278.5557032,262.2859481,316.7998965,245.1235876,274.8197023,292.1507288,377.8481567,470.7331598,415.6894034,412.7309341,454.9630874,443.9047493,461.7209205,452.4615431,402.0883118,400.0362751,448.4007965
Maldives,2234.579866,3039.334623,3049.197616,3475.983305,3941.431136,3639.966576,4809.963115,5574.451876,6614.159147,6636.412416,7076.662423,7291.42764,7265.613656,7928.457365,8499.365762,9033.390413,9282.723553,9801.624542
Middle East & North Africa,3066.471128,3020.84387,2953.286733,3264.427724,3737.556254,4409.683838,5055.549386,5867.603047,7160.393699,6267.591181,7172.828684,8331.948772,8895.135438,8667.951716,8540.723351,7388.593939,7264.079568,7422.027903
Mexico,7157.8145,7544.568648,7593.137793,7075.369643,7484.486542,8277.671251,9068.294387,9642.680605,10016.5713,8002.972106,9271.398233,10203.42085,10241.72792,10725.18332,10922.37605,9605.952351,8739.142471,9281.101483
Marshall Islands,2185.83532,2239.354751,2381.804468,2373.683029,2410.870842,2496.083825,2580.91703,2689.98769,2719.918468,2713.2,2926.748394,3064.872371,3265.520038,3351.027433,3202.597107,3128.4998,3368.804018,3516.71432
Middle income,1272.373462,1272.598192,1281.568055,1427.160709,1675.158142,1975.895522,2326.860953,2851.114519,3382.12476,3261.225174,3916.58872,4574.342688,4823.533202,5050.445776,5176.453636,4850.346612,4817.176095,5229.031764
North Macedonia,1854.145956,1815.920091,1961.203736,2408.80011,2762.560358,3037.75311,3325.635809,4036.20277,4793.443669,4544.008835,4542.899717,5063.786986,4698.141294,5210.67583,5468.480869,4840.273123,5129.15896,5417.642019
Mali,269.8711377,307.4369205,334.8365206,392.524759,440.1684418,488.8281374,522.5783724,596.6901888,690.8824398,698.2183825,709.5819646,836.5098094,778.6694625,805.2596685,847.1502669,751.1704966,779.874933,828.6132202
Malta,11039.05651,11021.78636,11843.93902,13689.98999,15109.05497,15835.34667,16671.5672,19375.5696,21928.70067,20675.58259,21087.79469,22823.44311,21931.74762,23830.93706,25961.32788,24046.27535,25128.93738,27241.09064
Myanmar,190.6062319,137.1683267,142.0822652,217.3904189,217.5942826,244.8823499,294.1631813,406.7286892,638.1490599,734.4460067,979.05163,1176.242453,1165.794329,1162.33144,1251.820765,1133.002816,1192.495338,1249.828757
Middle East & North Africa (excluding high income),1617.280861,1644.191605,1568.377788,1738.703966,1980.340041,2292.407962,2617.200937,3178.772355,3847.273746,3658.797872,4157.876099,4629.722562,5010.581884,4623.352411,4469.444244,3960.769906,3924.923357,3817.686174
Montenegro,1627.072633,1909.598702,2106.635068,2789.159065,3380.165121,3674.617924,4425.678873,5976.391922,7367.751909,6727.10552,6682.281158,7318.74469,6586.721279,7186.431924,7378.345289,6514.272695,7028.936577,7784.06529
Mongolia,474.2168965,524.0553079,571.5926395,646.1932563,797.9786853,998.8313648,1334.211681,1632.726952,2136.563214,1714.360545,2643.292914,3757.558633,4351.88692,4366.075901,4158.525715,3918.579174,3660.150746,3671.948419
Mozambique,283.2254824,261.6045465,268.144817,289.5524752,343.1250389,376.8846717,394.3090679,432.1785512,516.0050958,476.6034689,431.5154715,542.8909589,613.984066,626.6977558,645.2488803,547.2380939,391.5528948,441.6178369
Mauritania,491.8427611,479.4032891,476.7384484,547.0752161,623.7804242,722.3230795,977.1235632,1048.162138,1222.923912,1079.233931,1241.428756,1435.635415,1411.35283,1477.361539,1366.808962,1194.312515,1135.558646,1161.785457
Mauritius,3929.075493,3856.625228,4018.948897,4793.718178,5388.065784,5282.906022,5695.969327,6574.654338,8030.063005,7318.12641,8000.376432,9197.026972,9291.227619,9637.00265,10153.93822,9260.447303,9681.618567,10484.90836
Malawi,156.3857186,150.1489558,298.4333849,267.3990565,282.5670846,289.5551689,308.1634757,332.2591444,387.6059753,438.2120429,478.6685897,534.9512647,391.5618324,348.4302696,371.2697496,380.5970331,315.7773264,356.7175732
Malaysia,4043.662051,3913.428726,4165.715233,4461.847687,4952.223422,5587.02565,6209.114104,7243.455987,8474.575822,7292.493044,9040.566251,10399.37275,10817.44287,10970.12328,11319.07976,9799.367531,9671.024717,10117.56903
North America,35147.87659,35822.80361,36666.27032,38391.00675,40766.67325,43349.0056,45724.25136,47646.43886,48215.11179,46483.02509,48373.70037,50110.05567,51703.26734,53052.79008,54618.84662,55476.89671,56340.17651,58434.03088
Namibia,2136.440243,1906.292604,1769.17591,2560.774036,3396.911932,3674.002201,3974.522425,4356.244512,4153.247938,4265.258745,5324.61704,5753.987148,5930.548473,5694.082634,5624.135341,5032.889762,4786.235303,5646.456007
Niger,158.7049748,165.5405619,178.0545148,215.9566573,232.5855765,249.9279298,257.8291528,292.2197341,352.7199749,339.1436177,347.3430407,374.4828645,390.1199097,414.3886131,427.737226,360.8533841,362.1311323,375.8694897
Nigeria,567.930736,590.381815,741.7475112,795.3862467,1007.874328,1268.383443,1656.424759,1883.461311,2242.871886,1891.33537,2292.445156,2520.404166,2746.991789,2998.072843,3222.693537,2730.430324,2175.99967,1968.559588
Nicaragua,1007.501429,1034.551588,1000.935948,1005.732473,1080.268112,1162.290113,1226.688853,1327.96143,1499.262072,1444.375179,1503.867544,1655.810963,1760.46057,1811.638036,1934.064011,2049.851415,2107.574238,2168.19124
Netherlands,26149.41108,26873.27593,29204.03983,35672.2066,40362.39478,41979.05585,44863.35063,51733.44213,57644.47997,52514.02712,50950.03434,54159.34661,50073.00566,52184.06185,52830.17423,45175.23189,46007.85292,48554.99228
Norway,38146.71539,38549.58934,43061.15038,50111.65445,57570.26916,66775.3944,74114.69715,85170.86217,97007.94189,80067.17664,87770.26684,100711.2248,101668.1707,103059.2482,97199.9191,74521.56993,70941.52527,75704.2487
Nepal,229.4902871,246.725629,244.7208237,252.4024323,286.1575938,315.80563,346.9452514,391.3801314,470.4555473,478.1731816,592.4010975,699.4293377,698.4664794,715.923743,743.4133813,792.5528906,777.1475955,900.5739036
New Zealand,13641.10272,13882.85683,16874.18749,21913.70817,25420.23488,27751.06547,26671.32942,32510.0827,31287.94365,28201.23228,33692.01083,38426.55081,39970.44004,42949.14223,44533.78309,38559.54704,40026.8522,42260.12518
OECD members,23658.55204,23274.91096,24116.13331,26810.02768,29624.7767,31104.7334,32573.43988,35371.37606,37185.13257,34569.82796,35981.44719,38473.63973,38185.74765,38444.47944,38999.80165,36604.03621,37069.22631,38411.37254
Oman,8601.25417,8475.964136,8626.984097,9066.347498,10126.1161,12377.06807,14420.51706,15838.46561,22139.64041,16823.77165,19281.16563,20896.74698,21923.54802,20926.55405,20131.9813,16150.88726,14721.64733,15170.35174
Other small states,4384.199164,4286.375497,4544.672877,5548.69554,6761.585565,8046.02356,9251.425324,11025.50219,13162.24471,10985.72016,12462.89184,15048.75637,15464.65142,15705.66055,15831.08567,12832.04013,12404.20144,13422.24394
Pakistan,519.5343268,495.3454616,483.4969271,543.7518258,625.3978597,683.0902351,836.8605211,908.0950906,990.8465996,957.9956808,988.7541283,1164.976129,1198.109001,1208.90431,1251.164104,1356.667731,1368.454326,1466.843096
Panama,4060.324493,4046.419981,4126.241558,4267.303325,4592.152614,4916.914994,5348.895292,6166.180721,7154.274496,7576.140467,8082.028459,9358.251475,10722.28363,11889.12763,12796.07004,13630.30797,14356.32405,15166.12443
Peru,1955.588006,1941.475632,2021.23974,2145.643183,2417.035501,2729.498682,3154.331237,3606.070435,4220.616969,4196.312793,5082.354757,5869.32308,6528.972218,6756.752769,6679.341948,6227.586716,6205.3709,6700.81138
Philippines,1038.90854,957.1899393,999.9059505,1010.309637,1078.628944,1193.977291,1390.517223,1670.590155,1916.296708,1821.523941,2124.05677,2345.327754,2572.629425,2749.386636,2831.316667,2867.15199,2941.21204,2981.934151
Palau,7577.047893,8017.641597,8247.222081,7711.939018,8263.109679,9336.095243,9623.219038,10080.05533,10524.98396,9992.03172,10184.51685,10889.58016,12168.28231,12799.36953,13938.22194,16593.48995,17150.04231,16274.90454
Papua New Guinea,602.1869023,515.6846078,491.8343081,568.2464399,618.0368977,749.1863962,1249.657689,1401.931659,1672.927552,1626.298983,1949.34856,2406.897103,2790.699587,2729.875551,2920.774825,2679.326711,2509.629007,2640.153572
Poland,4492.739632,4981.192232,5196.939332,5693.377763,6681.178818,8021.003655,9038.730847,11255.4367,14001.44688,11527.59323,12599.53358,13893.50926,13145.53926,13781.06261,14347.91458,12572.32185,12431.57542,13861.05156
Pre-demographic dividend,436.8204378,419.3974843,484.7603268,536.6965539,637.6718117,773.3865239,954.1856181,1121.964093,1375.917004,1205.693085,1386.538922,1572.979941,1684.116329,1789.071845,1859.91996,1585.942265,1403.453447,1458.126344
Puerto Rico,16192.12697,18123.1987,18731.45939,19557.12025,20988.99233,21959.3227,22935.94116,23664.88235,24898.33459,25768.72589,26435.74879,27278.88305,27944.73389,28513.16574,28981.45733,29764.05389,30628.75478,31353.43418
Portugal,11502.39681,11729.14616,12882.28897,15772.7334,18045.5881,18784.9485,19821.44463,22780.05845,24815.60884,23063.97161,22538.65408,23196.18375,20577.40264,21618.73534,22077.53613,19252.63495,19977.39849,21291.43099
Paraguay,1663.605252,1565.053712,1300.851426,1365.416418,1679.497171,1843.633791,2271.090038,2976.825503,4041.583876,3624.571058,4355.934939,5322.96376,5183.082877,5926.832863,6102.943233,5406.703857,5319.410218,5680.580768
West Bank and Gaza,1476.17185,1335.553195,1156.217473,1257.69857,1337.565724,1455.187875,1441.4617,1575.5634,1857.890515,1970.182963,2354.125987,2695.193853,2834.021525,3060.312389,3046.821798,2967.851747,3074.291152,3254.485887
Pacific island small states,1755.003926,1698.714374,1767.414002,2047.429679,2337.350641,2537.549742,2636.320766,2855.898095,3038.828957,2642.203701,2897.483969,3404.54485,3591.851379,3676.08082,3945.603083,3782.032777,3885.782088,4080.526197
Post-demographic dividend,25734.3028,25369.49619,26330.74742,29385.10072,32477.77481,34019.15848,35605.91234,38638.72557,40604.55174,38069.2185,39509.7953,42293.58872,42071.30827,42297.68678,42966.73003,40474.3376,41182.42805,42725.2277
Qatar,29976.11704,28517.26721,30214.85901,34517.75509,42124.82901,51455.59419,59530.15354,65421.75277,80234.47007,59094.44494,67403.1603,82409.58033,85076.14793,85050.91097,83858.52838,63039.01655,57163.06099,61264.39648
Romania,1659.90764,1825.179805,2119.882673,2679.41191,3494.944517,4617.929016,5757.496429,8360.166321,10435.04398,8548.118672,8209.919456,9104.995622,8535.046876,9555.244217,10026.97358,8977.498544,9567.097782,10792.95628
Russian Federation,1771.59783,2100.358253,2377.536957,2975.132778,4102.372294,5323.473877,6920.194398,9101.256706,11635.27424,8562.813697,10674.9972,14351.21205,15434.57478,16007.08999,14100.7291,9313.787542,8745.375116,10750.58712
Rwanda,228.6377096,212.5172008,207.5829531,224.7324184,250.5175049,303.7407156,344.5772458,410.99572,511.0549513,549.2400411,576.049201,637.6284383,695.2740829,704.9801594,723.281841,728.0817574,726.353049,762.4991636
South Asia,447.4453345,450.8050475,464.4565852,532.9237651,607.4127715,684.7590138,774.8785294,959.3228499,959.4803127,1042.013483,1257.66949,1367.338787,1364.441602,1381.881309,1494.461188,1541.835813,1648.678479,1867.272248
Saudi Arabia,9171.330145,8684.647401,8695.400072,9609.966975,11185.13337,13791.44629,15384.74015,16516.62362,20078.25779,16113.14249,19262.54768,23745.80161,25243.3587,24844.74437,24463.90316,20627.93278,19879.29753,20803.74257
Sudan,366.1728076,383.0159987,418.2518413,484.8447351,573.3069261,689.209557,905.3097449,1128.41035,1304.533051,1238.180845,1489.876911,1672.103295,1882.24677,1943.916458,2163.155898,2486.745659,2398.10188,3015.02443
Senegal,604.654066,615.2684717,656.6227077,823.7211451,940.5516918,993.9320411,1040.903994,1222.372918,1411.929332,1317.235687,1278.977754,1371.723353,1330.057448,1375.678754,1394.794743,1218.764246,1269.040407,1367.218948
Singapore,23852.32703,21700.02005,22159.68886,23730.15245,27608.53737,29961.26328,33769.15416,39432.93835,40007.46926,38927.20688,47236.96023,53890.42873,55546.48854,56967.42579,57562.53079,55646.61875,56724.17039,60297.79378
Solomon Islands,1054.388246,944.6140341,784.6498272,744.3525546,818.0588673,880.8129914,949.3376001,1048.650015,1208.338618,1160.301648,1290.398779,1722.418113,1913.232022,1977.451411,1996.781176,1914.467926,1990.031497,2077.126038
Sierra Leone,138.6986922,229.3755148,252.3962103,266.4471103,266.5695675,292.3493252,323.3891849,360.3721418,408.4807421,391.2010053,401.8350014,448.3375255,566.3786569,716.8353047,714.7007124,588.2284527,501.4157129,499.3807078
El Salvador,2001.538009,2072.299842,2124.102889,2209.496508,2278.431843,2428.569512,2631.820415,2786.157922,2933.395056,2858.478981,2983.229771,3266.010452,3428.410386,3509.531493,3589.040604,3705.577946,3800.122181,3902.237622
San Marino,40124.4599,41731.13757,44490.82803,56034.29267,64869.6626,66795.51231,70457.42838,82771.70365,90435.2703,76686.0213,68496.36068,64890.23886,56068.43455,57302.688,54282.8098,45774.58789,46692.35109,48494.55141
Serbia,870.1363145,1634.875061,2149.909404,2832.490652,3331.228995,3720.479155,4382.617279,5848.476405,7101.040141,6169.114195,5735.422857,6809.159804,6015.945228,6755.073511,6600.05665,5585.117808,5756.381194,6284.192672
Sub-Saharan Africa (excluding high income),595.5568244,553.2786658,587.4095234,717.7323612,870.8394676,1006.386635,1164.957326,1316.415293,1469.023515,1356.756539,1575.222758,1737.452571,1781.425063,1843.34454,1884.349687,1668.215982,1510.048357,1598.050477
Sub-Saharan Africa,596.4146057,554.1305432,588.3416315,718.6360011,871.8841688,1007.49347,1166.1399,1317.569308,1470.043561,1357.618445,1576.176004,1738.47572,1782.408543,1844.577249,1885.558172,1669.443418,1511.3049,1599.336187
Small states,4399.762054,4352.35632,4589.819547,5401.806395,6404.543965,7516.673013,8567.792034,10063.04002,11881.82114,9938.976474,11191.49531,13284.48724,13672.58756,13888.51918,14024.72971,11732.17339,11298.81941,12125.16296
Suriname,2012.260287,1750.558371,2267.721066,2611.356086,3006.189322,3590.626616,5197.93993,5744.424776,6831.956321,7408.667674,8255.796859,8263.172923,9201.008785,9402.233137,9472.0076,8561.974179,5606.712075,5379.119415
Slovak Republic,5402.929754,5708.082659,6524.861878,8696.913242,10654.79371,11669.41975,13139.03218,16057.73314,18650.35912,16512.98197,16600.61359,18187.15744,17274.6423,18191.61279,18629.77966,16182.30372,16544.22781,17579.2594
Slovenia,10227.73677,10479.29634,11814.09994,14880.47154,17260.90151,18169.18091,19726.1265,23841.31792,27501.81027,24633.79785,23437.47202,24985.24827,22532.43564,23357.9392,24194.97435,20887.51964,21617.57985,23449.57452
Sweden,29323.20776,27010.44724,29618.68777,37008.59614,42491.96886,43134.71673,46312.48838,53387.94062,55814.01639,46256.23794,52132.91853,59666.07202,57197.19931,60347.68749,59241.60638,50832.55271,51617.54035,53253.47664
Eswatini,1728.70534,1521.767574,1405.44181,2148.619871,2699.133372,3083.826171,3176.700366,3327.441943,3137.39623,3385.842837,4168.505062,4496.600777,4469.457324,4196.309733,3997.451936,3641.408583,3426.826597,3941.900457
Seychelles,7578.851053,7663.13708,8331.261997,8524.961236,10176.65871,11092.51074,12014.39987,12154.82994,11122.86207,9706.95606,10804.68447,12189.09516,12006.68296,14765.67398,14700.33434,14745.34146,15077.83902,15683.6565
Chad,165.7629866,196.9736976,220.3759764,291.9448516,453.5218172,658.3049578,709.7651951,798.5480013,925.6360843,800.4642249,891.6988174,983.4472327,967.408126,979.5339592,1018.930956,775.7075235,692.9785958,664.3033157
East Asia & Pacific (IDA & IBRD countries),965.4878221,1017.718087,1116.528448,1253.271713,1441.802087,1657.03127,1980.520162,2485.318296,3122.694529,3360.682993,4045.411068,4907.691743,5432.980876,5950.187377,6349.521859,6556.420419,6623.978189,7156.320319
Europe & Central Asia (IDA & IBRD countries),2049.532269,2087.045806,2346.197702,2882.526969,3730.049008,4670.396158,5643.719939,7246.46438,8950.184094,7071.714735,8249.422465,9976.51225,10356.86657,10929.83092,10297.33222,7981.267098,7648.518446,8516.291877
Togo,302.2063943,292.5673576,326.8556001,396.0300441,412.589392,406.4009505,407.6946979,449.1442328,544.1475234,538.4419516,533.508792,586.3288415,571.8394289,621.2222598,640.0816111,570.6807371,587.8744094,619.066371
Thailand,2007.736363,1893.26831,2096.187999,2359.116494,2660.122791,2894.061896,3369.547815,3973.019618,4379.659877,4213.001541,5076.342992,5492.115427,5860.58061,6168.264895,5951.883702,5840.046948,5978.611454,6578.188865
Tajikistan,138.4288795,171.0479834,190.0025003,237.7574442,311.6273248,340.5830327,408.8385907,526.6429154,715.8651105,676.1234193,749.552711,847.3821018,969.2964731,1048.227293,1104.171689,929.0958572,802.5180041,806.0415731
Turkmenistan,643.174726,774.4828307,967.8901647,1283.911263,1453.916238,1704.417531,2136.474322,2600.369292,3904.463719,4036.455999,4439.200382,5649.952278,6675.185658,7304.287132,7962.239098,6432.680702,6389.548408,6587.090316
Latin America & the Caribbean (IDA & IBRD countries),4305.786708,4130.731794,3623.035888,3645.640234,4166.753559,5007.857902,5814.886571,6801.772039,7848.968346,7265.389013,8974.007984,10119.52347,10102.29563,10237.80717,10322.94239,8716.406758,8404.752742,9253.666484
Timor-Leste,497.1314157,574.4567556,553.463055,573.657502,1109.560136,1822.574955,2614.875038,2779.875017,4160.734435,2978.437303,3656.952175,5095.489043,5879.699782,4888.317123,3441.650571,2585.153878,2053.273798,2000.601191
Middle East & North Africa (IDA & IBRD countries),1618.597155,1647.416913,1572.82623,1743.947425,1987.462083,2301.748666,2630.401593,3196.903128,3870.006913,3678.17807,4178.685372,4652.157905,5036.026187,4641.495942,4485.98379,3972.175733,3934.616702,3823.8332
Tonga,2065.502661,1840.291495,1845.418595,2033.790901,2288.593015,2598.2472,2892.039182,2925.91276,3380.613351,3062.533091,3553.220614,4084.624132,4597.742305,4428.566481,4393.940811,4320.63799,3966.15652,4217.476507
South Asia (IDA & IBRD),447.4453345,450.8050475,464.4565852,532.9237651,607.4127715,684.7590138,774.8785294,959.3228499,959.4803127,1042.013483,1257.66949,1367.338787,1364.441602,1381.881309,1494.461188,1541.835813,1648.678479,1867.272248
Sub-Saharan Africa (IDA & IBRD countries),596.4146057,554.1305432,588.3416315,718.6360011,871.8841688,1007.49347,1166.1399,1317.569308,1470.043561,1357.618445,1576.176004,1738.47572,1782.408543,1844.577249,1885.558172,1669.443418,1511.3049,1599.336187
Trinidad and Tobago,6435.164683,6939.801184,7053.070804,8807.900379,10293.80541,12327.23317,14102.49585,16539.87811,21204.10497,14514.14172,16683.35538,19034.1492,19161.95991,20026.78753,20169.65301,18332.49031,15786.12052,16076.08204
Tunisia,2211.826817,2253.04471,2344.413533,2760.414314,3111.382703,3193.206569,3370.033926,3775.75001,4307.155878,4128.462783,4141.976353,4264.674946,4152.678587,4222.703245,4305.474165,3859.814436,3698.565075,3494.318864
Turkey,4316.548908,3119.56579,3659.939869,4718.199807,6040.607698,7384.251628,8035.377338,9711.873594,10854.17225,9038.52015,10672.38925,11335.51051,11707.25971,12519.39143,12095.85457,10948.72461,10820.63384,10499.74557
Tuvalu,1462.8547,1391.453495,1610.149462,1874.468285,2182.078388,2183.909889,2263.128601,2644.652776,2936.859633,2599.895701,3022.28882,3640.861433,3507.936911,3454.684953,3398.818942,3197.795645,3255.894866,3572.608367
Tanzania,410.9523276,406.5386686,411.9723458,431.2796931,459.2592825,492.6313793,485.4974874,552.8395296,687.3904455,695.2167768,743.4037847,781.4370143,867.8676806,970.4169384,1030.092917,947.9334465,966.4746224,1004.841121
Uganda,261.8689977,239.4731859,245.5000794,243.9015264,296.0469361,325.5903736,347.9903568,416.8986194,467.9005703,578.4230564,622.4988457,602.6846514,668.832462,689.1548142,739.373927,709.0210386,608.7057351,631.5227198
Ukraine,635.7089635,779.9771307,878.6182021,1047.502769,1366.017225,1826.932206,2300.77148,3065.611623,3887.241412,2542.997136,2965.142365,3569.757027,3855.42128,4029.715504,3104.658296,2124.662666,2187.731997,2640.675677
Upper middle income,1967.254501,1976.506824,1966.447598,2187.84824,2607.266135,3115.726879,3677.355764,4541.514267,5514.190473,5270.589377,6344.152969,7533.005863,8009.525571,8448.564499,8651.290227,8032.489459,7921.734348,8663.27389
Uruguay,6875.021328,6284.4559,4090.899267,3624.198052,4120.556611,5226.937806,5887.848703,7026.511491,9091.079039,9451.932449,11992.01663,14236.68119,15171.58466,16973.67421,16831.97294,15613.76427,15387.14403,16437.24487
United States,36334.90878,37133.24281,38023.16111,39496.48588,41712.80107,44114.74778,46298.73144,47975.96768,48382.55845,47099.98047,48466.82338,49883.11398,51603.49726,53106.90977,55032.958,56803.47243,57904.20196,59927.92983
Uzbekistan,558.2268024,456.7062895,383.343068,396.377979,465.1198869,546.7768502,654.2838373,830.4076942,1082.286025,1213.265328,1377.08214,1564.966945,1740.468298,1907.561704,2492.336643,2615.025134,2567.799418,1826.56704
St. Vincent and the Grenadines,3676.439642,3985.683402,4272.860898,4447.743813,4810.298503,5070.512702,5625.35139,6307.214096,6415.809617,6232.719361,6292.789829,6242.193281,6390.314389,6639.621791,6684.803622,6921.40975,7041.560804,7149.630866
Vietnam,390.0933261,404.8078662,430.0528671,480.5797992,546.9096058,687.4797356,784.3724223,906.2841981,1149.424642,1217.268555,1317.890706,1525.115988,1735.141276,1886.671896,2030.261955,2085.101484,2192.214539,2365.621666
Vanuatu,1470.572265,1363.113016,1354.186169,1580.542444,1788.087167,1887.226576,2049.618856,2398.612625,2705.597658,2649.618144,2966.857116,3264.537017,3133.090209,3124.233078,3088.258303,2721.635936,2830.965284,2976.107116
World,5491.574338,5389.090566,5526.28659,6123.386078,6811.135189,7287.249272,7801.883183,8684.285805,9413.603051,8820.884804,9538.846778,10473.62997,10589.20847,10764.19177,10928.87116,10217.65601,10247.93623,10769.67711
Samoa,1542.066736,1557.01718,1633.035432,1909.122171,2353.548219,2574.176629,2811.338548,3026.546343,3514.798344,3039.508484,3458.188715,3946.173084,4237.01463,4219.909738,4188.733679,4155.279353,4043.694,4307.805464
Kosovo,1087.762401,1490.361033,1413.532587,1638.104739,2086.537325,2147.464271,2237.126598,2685.986222,3254.820269,3209.694109,3283.510304,3736.363217,3600.673475,3876.958302,4054.721339,3574.543333,3697.121677,3948.08815
"Yemen, Rep.",554.4486334,550.3602417,579.8529205,620.3827587,709.9653061,832.8444886,921.4184439,1017.292001,1229.246843,1116.084594,1334.784845,1374.621313,1446.53628,1607.152275,1674.002766,1608.744312,1139.870568,963.494721
South Africa,3032.427138,2666.480846,2502.265926,3751.258432,4833.633129,5383.632556,5601.970369,6095.652721,5760.789016,5862.81522,7328.593646,8007.377412,7501.40728,6829.020465,6428.293579,5730.934174,5272.627749,6127.462297
Zambia,345.6895544,382.9411785,382.2421724,435.4580833,538.5915064,702.7409406,1047.919187,1124.290586,1394.000608,1159.907762,1489.45907,1672.94983,1763.094184,1878.903489,1763.056239,1332.194321,1280.578447,1534.865371
Zimbabwe,563.0577411,568.3859092,530.5305794,478.007405,482.9984113,476.5553236,447.8549242,431.7871883,356.6933497,771.5987859,948.3318545,1093.654002,1304.969802,1430.000818,1434.89934,1445.071062,1464.583529,1602.403507
